Post ID,Timestamp,Title,URL,Score,Content
1iztqij,1740698985.0,Shut up with the ‚ÄúSuicide is a permanent solution to a temporary problem‚Äù bs.,https://www.reddit.com/r/SuicideWatch/comments/1iztqij/shut_up_with_the_suicide_is_a_permanent_solution/,941,suicidal 6 years starting become lot less temporary
1di3f7s,1718644458.0,My daughter is 13 years old and just attempted suicide ,https://www.reddit.com/r/SuicideWatch/comments/1di3f7s/my_daughter_is_13_years_old_and_just_attempted/,1438,beautiful 13 year old daughter attempted suicide 2 days ago young believe never saw coming swallowed 12 tablets name started delusions hallucinations went would call psychosis scariest moment life still hospital treating medical side things mad taking hospital saving said wants die trauma history abuse comes loving family lots friends scared know scared feel way forever life hospitals succeed taking life even know writing needed get guess
134xbb3,1682965909.0,Why does my mind go straight to suicide every time I'm extremely upset?,https://www.reddit.com/r/SuicideWatch/comments/134xbb3/why_does_my_mind_go_straight_to_suicide_every/,1984,like honestly common every time problem know solve think suicide answer sometimes feels like entire life waiting death anyone else
1irymt7,1739835866.0,This is my suicide note,https://www.reddit.com/r/SuicideWatch/comments/1irymt7/this_is_my_suicide_note/,404,write looking noose tied belt closet done going walk inside never walk mum dad reading sorry live mental torture anymore unbearable amount drugs talking could fix leave everything sure much closure probably help know love much never wanted disappoint sorry mistakes made life sorry bad things said truly wish could take back finally sorry leaving alone never intention cause sadness truly sorry wonderful amazing fantastic parents hope find peace really deserve deserve everything good give dogs hug goodbye
v1wp7i,1654021467.0,"My psychiatrist telling me that suicide is a ""permanent solution to temporary problem,"" and then turning around to tell me that my depression is incurable and will likely require a lifetime of therapy and medication.",https://www.reddit.com/r/SuicideWatch/comments/v1wp7i/my_psychiatrist_telling_me_that_suicide_is_a/,2306,
1j7joxj,1741559685.0,it's so weird being suicidal and not a teen anymore,https://www.reddit.com/r/SuicideWatch/comments/1j7joxj/its_so_weird_being_suicidal_and_not_a_teen_anymore/,791,like teen least sure someone would care death think could rotting least week even someone noticed gone
1g9n4sx,1729616437.0,Switching From Passively Suicidal to Actively Suicidal Actually Gave Me Relief?,https://www.reddit.com/r/SuicideWatch/comments/1g9n4sx/switching_from_passively_suicidal_to_actively/,946,anyone else feeling find somewhat relatable 24m passively suicidal months yesterday exceptionally awful day slept super late forgot scheduled work get dressed leave house tried fix bike ended breaking even gave pretty much self sabotaging vices drugs porn shitty food video games name swear something snapped cried ridiculous amount throughout day spent rest night feverishly reading suicide actually figured gameplan found whole document outlining specifics answered little questions sorry sharing even ask plus backup option case desperate enough something quicker stage acquiring materials getting affairs order since got suicide method figured strangely upbeat mood odd paradox finalizing plan action end life made feel motivated go live getting chores done sweat dancing listening fun music gaining bits personality back great weight lifted shoulders heard common people act calm joyful days make attempt experiencing maybe goal like days feel meaningless like persistently maybe finally escape route break free shitshow life feel trapped hopeless anymore anyways wanted see anyone similar experience wants weigh situation tl dr actively suicidal first time life feel much better figured method meaning behind
1iu6z2q,1740079642.0,Told my mom I‚Äôm suicidal,https://www.reddit.com/r/SuicideWatch/comments/1iu6z2q/told_my_mom_im_suicidal/,446,mocked oh really quit whining always melodramatic grow get think happy done nothing life think mean mean enough wish never born tough shit hiding covers stop crying needed mother comfort suicidal planning thinking scared much pain little one reason living thinking would better without reason die save please tell alone moms comfort feel like little girl scared alone please tell okay going house humming happy seen happy well idk long think fun mean heart broken idk put back together
1bmwnhm,1711317286.0,I got my fake gun and I am going to use it to do suicide by cop,https://www.reddit.com/r/SuicideWatch/comments/1bmwnhm/i_got_my_fake_gun_and_i_am_going_to_use_it_to_do/,495,took 34 years get girlfriend left 4 months didnt experience navigating women even met weridest circumstances literally get zero matches online dating women wont even give chance gave chance shes gone life going end
qlw1yy,1635950786.0,Why are other suicidal people so nice and understanding but all the while still wanting to kill themselves?,https://www.reddit.com/r/SuicideWatch/comments/qlw1yy/why_are_other_suicidal_people_so_nice_and/,1705,kind paradoxical people want kill people capable relating stopping others killing maybe want see people pull maybe gives us hope maybe gives us purpose maybe think lowly dont wish anyone feel way sure need ensure others cared even depressed saying please dont become torture
ppjowo,1631818925.0,I'm a fully-functioning suicidal.,https://www.reddit.com/r/SuicideWatch/comments/ppjowo/im_a_fullyfunctioning_suicidal/,2262,get bed prepare breakfast leave house go work work decently talk people around get home take shower prepare dinner sleep routine normal person except think killing work thinking methods go sleep thinking people would react prepare food setting dates die take shower think proper suicide letter live want live feel completely alien society edit today 27 09 went psychologist told feelings working thank kind comments
1ijjf9s,1738892017.0,I‚Äôm a functional suicidal,https://www.reddit.com/r/SuicideWatch/comments/1ijjf9s/im_a_functional_suicidal/,520,get outta bed eat breakfast good grades college gf friends family feel depressed time thoughts began started college got bad yesterday held gun head almost pulled trigger got interrupted call whole day yesterday today researching painless way kill gone sleep gun still bed afraid go back please help
1iet6bx,1738367712.0,How the fuck is it possible that I‚Äôm suicidal but also afraid of death,https://www.reddit.com/r/SuicideWatch/comments/1iet6bx/how_the_fuck_is_it_possible_that_im_suicidal_but/,331,like want die terrified want go peacefully like sleep way actually scares shit feeling edit maybe actually afraid think want die
1gktgx0,1730880121.0,The boy I loved committed suicide ,https://www.reddit.com/r/SuicideWatch/comments/1gktgx0/the_boy_i_loved_committed_suicide/,987,met psych ward 2021 struggling grief sister committed suicide struggling sexually assaulted family friend met immediately clicked celebrated 22nd birthday facility halloween baby shared special connection always checking one another tell things tell anyone else agreed always one another well committed suicide november 1st year day 25th birthday cared much never felt way anyone much never got say tried take life met told failed different ever tried assured said much live gone broken imagine never seeing speaking want die
1ewzfja,1724169856.0,18 hrs left till I commit suicide ,https://www.reddit.com/r/SuicideWatch/comments/1ewzfja/18_hrs_left_till_i_commit_suicide/,270,title suggests going hang 18hrs nothing look forward life feel bad parents sorry become proud son wanted
jnrz57,1604472524.0,'If you were actually suicidal you'd have killed yourself already and not tell anybody' FUCK OFFFFFFF,https://www.reddit.com/r/SuicideWatch/comments/jnrz57/if_you_were_actually_suicidal_youd_have_killed/,2784,fuck fuck fuck absolute dumbass fuck else want validate actually fucking die point know planning trying fucking hold little left still apparently telling truth bullshit exhausted hearing literally everything reach apparently attention seeking faking self harm cope people still say attention seeking care believe dead
1g5jueq,1729143561.0,Teen daughter tried to commit suicide. Found her suicide note today,https://www.reddit.com/r/SuicideWatch/comments/1g5jueq/teen_daughter_tried_to_commit_suicide_found_her/,788,throwaway account daughter 14 tried commit suicide sunday night taking lethal dose tylenol advil luckily school hitting suicide hot line pretty hard students texted taking pills able convince give address wife home idea frantic police man came door long story short survived permanent damage started inpatient care yesterday went thru phone texts hot line indicate feelings two years started going thru room today found note addressed best friend even mention wife gut punch blue great kid fantastic grades lots friends well liked school highly empathetic towards others texts hot line guilt ridden good life understand life good many others around struggle single parents bad parents poor etc seems tearing meet social worker tomorrow assume family sessions occur point fall break week absence school noticed school starts back next week going harder harder explain want stay long needed inpatient scared cruel teenagers gets school manage
1frpof6,1727561977.0,Suicide is.. scarier the closer it is. Ending it soon. I was somebody ‚ô°,https://www.reddit.com/r/SuicideWatch/comments/1frpof6/suicide_is_scarier_the_closer_it_is_ending_it/,517,coward way really even though unbelievably fortunate method relatively painless quick unassuming enough look gruesome part scared used say peaceful method easy time come really naive believe afterlife consciousness death honestly mind unaware troubled asleep people reading sorry trapped atrocious circumstances suffering war unjust treatment domestic violence inescapable poverty loneliness crimes humanity terror biological gender resources support transition many injustices deserve world unabashedly brutal horrible disheartened disgusted world live see trying defend fire forces greater proud living another day days overpowering others want understand reflection inherent unworthiness lack part tools exist understand use please beat already breaking thank chance read met wish external internal resources come way freedom suffering empowerment autonomy courage healing resilience personal fulfillment growth mercy comfort total fulfillment basic inherent needs abundance moments expansive loving joy even wish people hurt willingly harmed others possessed things especially latter suffering inevitable degree would need desire cause harm could connect others positive fulfilling ways least feel wish could made great bright impact world reason probably hesitant life barely begun twenty years old gave twenty thirty years could probably gauge impact figure wrong strive something better everyone wish everyone felt way degree though people afraid opening pandora box realize actually read thank reading hope could make day little bit better thank update 10 04 24 missed ticket days ago tried die woke next morning excruciating migraine bodily weakness life still feel bit weak see messed step lived margins figuring next even though mind weird place know like thank hug everyone felt moved note fact endless boundless suffering life sorry escape undeserved agony deepest compassion trying deserve first place whose suffering capable enduring whose challenges practically insurmountable send highest brightest peace self love courage respect autonomy make best possible choice choose pursue living eagerly support continue know hard cycle inner struggle spiraling self doubt bitterness frustration delusion baked humanity may never fully step cycle last breath know alive rejoice days moments minutes seconds spare caught cycle feel connected free purposely elaborate pushed suicide note note whether sobbed felt stomach drop fear clenched fists self frustration dream confront subconscious yearns achieve may include world unbelievably fucking awful cruel full suffering dress undeniable truth pretty words still keep integrity knowing nearly dying realize things wanted wanted make world better place wanted make people smile make people laugh wanted lower people guards help feel joy wanted ease people stress invite laughter wanted help people open pandora box show still merit staying world despite horrors wanted every interaction raw energetic vulnerable alive one ever felt warranted question intentions instead remember humanity flowing veins wanted wake every morning feel self confident sunrise sunset knowing gift would deliver personally would despite much hesitant live die even though feel tune life purpose lack noise death fulfills large part life given another twenty five thirty years could departed deathbed head held high spine erect frankly part wishes type hopes maybe resonate someone know alone feeling way thank reading good day everyone
cz6nfd,1567525791.0,"New wiki on how to avoid accidentally encouraging suicide, and how to spot covert incitement",https://www.reddit.com/r/SuicideWatch/comments/cz6nfd/new_wiki_on_how_to_avoid_accidentally_encouraging/,1779,seeing worrying increase pro suicide content showing also going unreported undermines purpose wanted highlight clarify guidelines direct indirect incitement suicide created wiki covers issues hope helpful anyone wondering whether something okay responses report explains detail validation suicidal intent even innocent message like 100 committed wish peace likely increase people pain important report even subtle pro suicide comments full text wiki current version maintained r suicidewatch wiki incitement http www reddit com r suicidewatch wiki incitement deeply appreciate everyone gives responsive empathetic non judgemental support ops particularly thank everyone already reporting incitement forms please report post comment encourages suicide breaks guidelines sidebar moderators either clicking report button sending us modmail https www reddit com message compose 2fr 2fsuicidewatch link deal guideline violations reported us soon read everything community reports essential get pm breaks guidelines please report reddit sitewide admins http www reddit com report us modmail thanks great citizens community help flag problem content behaviour us r suicidewatch wiki incitement http www reddit com r suicidewatch wiki incitement summary important respect understand people experiences emotions never necessary helpful kind support suicidal intent common misconceptions discussed suicidal people help cause well meaning people inadvertently incite suicide also people online incite suicide purpose often pretending sympathetic helpful validate feelings experiences self destructive intentions offer support judgement means accepting best understanding offer whatever emotions people express suicidal people suffering try ease providing support caring reliable way know de escalate someone risk give experience feeling understood means judging whether feeling way telling important line draw crucial difference empathizing feelings responding non judgmentally suicidal thoughts way endorsing encouraging validating suicidal intentions hopeless beliefs possible important convey understanding compassion someone suicidal thoughts without putting finger scale decision anything condones suicide even passively encourages suicide supportive help also violates reddit sitewide rules well guidelines explicitly inciting suicide online criminal offense jurisdictions treat op post meaning definitely die suicide change minds helped anyone able read comments still chance choose whether try keep living even also experiencing intense thoughts suicide made suicide plan started carrying useful empirical model https en wikipedia org wiki interpersonal_theory_of_suicide desire die suicide primarily comes two interpersonal factors alienation sense burden nothing offer factors usually lead profound feeling unwelcome world acceptance reinforcement suicidal intent even something innocent like hope find peace actually form covert shunning validates person sense unwelcome world usually add pain even kindly meant gently worded avoid validating suicidal intent keep following mind offering support anyone risk suicide people say want help usually feel better get support invalidate emotions unfortunately many popular good responses actually counterproductive https www speakingofsuicide com 2015 03 03 say particular many friends family tend rely exclusively trying convince suicidal person bad usually experienced understand going going try people help made feel worse want mean someone actually knows supportive give comfort people suicidal want end pain lives almost never true death way end people suffering course exceptional situations certainly acknowledge people right help difficult find preventing someone suicide mean prolonging suffering giving real comfort understanding unfixable problem mean good life never possible fix change anything help someone feel better important keep mind correlation outer circumstances inner experience weaker less direct commonly assumed every kind difficult life situation find people lapse suicidal despair others cope amazingly well whole spectrum key difference much inner resilience person time depend many personal situational factors enough interpersonal support compensate absence help rebuild go depth gets better issue psa post https www reddit com r suicidewatch comments 25igd7 whats_wrong_with_it_gets_better_what_if_it_doesnt always linked sidebar community info mobile guidelines always choices brutally forcing someone stay alive passively letting end lives avoid accidentally breaking anti incitement rule say try imply acting suicidal thoughts good idea someone turn back already dead whatever help feel cared welcome least little corner world talking tips http redd igh87 offer detailed guidance look deliberate incitement may come disguise often comments subtly encourage suicidal intent actually come suicide fetishists voyeurs unfortunately real disturbing phenomenon https en wikipedia org wiki william_francis_melchert dinkel people like anonymous nature reddit makes us particularly attractive typically try scratch psychological itch saying things push people closer edge often exploiting myths debunked bullet points specifically might see people following encouraging false belief way suicidal people end pain dying always better choices brutally forcing someone stay alive helping actively passively end lives creating artificial toxic sense solidarity linking encouragement suicide empathy represent one really understand suicidal person either directly indirectly encouraging self loathing emotions self destructive impulses since people suicidal crisis desperate need empathy understanding particularly dangerous form manipulation many suicide inciters adept putting benevolent spin activities actually luring people away sources real help couple key points keep mind skilled suicide intervention peer professional based empathic responsiveness person feelings reduces suffering moment contrary pop culture myths involve persuasion cheerleading got meaningless false promises trust gets better invalidation let show things bad think anyone leads others expect kinds toxic responses response prolongs pain expert help may covertly pro suicide course people sometimes bad experience seeking mental health treatment fine vent processing disappointment frustration entirely different trying destroy someone else hope getting help choices made competent responders always informed understanding breaching someone trust traumatic must avoided possible kind involuntary intervention extremely unlikely outcome someone consults clinician calls hotline confidentiality addressed detail hotlines faq post http redd 1c7ntr goal always provide help client full knowledge informed consent know individual system perfect mistakes lead bad experiences sometimes happen vulnerable people enormous sympathy anyone suggests norm might trying scare people away help need please let us know discreetly https www reddit com message compose 2fr 2fsuicidewatch see anyone exhibiting similar behaviours recommend trying engage directly
1hzln63,1736684883.0,suicide is my first thought as soon as i wake up,https://www.reddit.com/r/SuicideWatch/comments/1hzln63/suicide_is_my_first_thought_as_soon_as_i_wake_up/,433,one moment peace
1bj5azc,1710909571.0,I told my boyfriend I felt suicidal so he blocked me on everything without a word.,https://www.reddit.com/r/SuicideWatch/comments/1bj5azc/i_told_my_boyfriend_i_felt_suicidal_so_he_blocked/,525,know fault vulnerable state supporting best going shit especially hormonal getting iud put told thinking suicide instantly blocked everything break nothing blocked changed relationship status hurt upset thought could trust thought loved known better lovable worthless pathetic stupid piece shit everyone learns hate eventually got problem anyway past 24 hours taken maybe 7 pills klonopin also chugged twisted tea monster feel hot dizzy think fine right gon na die unless decide finish job 104 cogentin pills hoarding alcohol see yet decide mean head already saying yes part holding back know nothing gets better going die alone horrible person want die want fucking die want die stop scared fucking idiot deserve everyone better swallow pills finally feel safe update wow thank support everyone means lot makes feel like thoughts feelings valid thank wanting still desire intense either way friend kinda talked promised call first feel like oh btw still contact update need things right thank support 3
1ibisc4,1738008774.0,If You‚Äôre suicidal please read,https://www.reddit.com/r/SuicideWatch/comments/1ibisc4/if_youre_suicidal_please_read/,203,suicidal hear voices guys hearing voices causing suicidal seeing subliminal messages tv social media like seeing private thoughts appearing television experiencing feel like trying force become suicidal sure actually want go though getting tired mind games abuse know long stay wanted know guys experiences
jcfjtz,1602873577.0,It's ironic how one suicidal person comforts the other.,https://www.reddit.com/r/SuicideWatch/comments/jcfjtz/its_ironic_how_one_suicidal_person_comforts_the/,2144,us suicidal yet try comfort others feeling way different reasons ironic could encourage others find better try hard comes
1g7pmci,1729393989.0,‚ÄúSuicide is a permanent solution to a temporary problem‚Äù üôÑ,https://www.reddit.com/r/SuicideWatch/comments/1g7pmci/suicide_is_a_permanent_solution_to_a_temporary/,502,bullshit people say suicide permanent solution temporary problem temporary problem whole life feel like even person born people satisfaction pleasure everyone treats like dumb sack meat guess way edit thank everyone commented youse actually given sort hope seeing therapist hour going tell thoughts getting worse think get help need though
r4b94k,1638125192.0,Being suicidal but knowing I‚Äôm not actually going to kill myself hurts.,https://www.reddit.com/r/SuicideWatch/comments/r4b94k/being_suicidal_but_knowing_im_not_actually_going/,1818,
uwvgam,1653411441.0,I just opened up to someone about me having suicidal thoughts and they legit replied with ‚Äúyou have a life better than so many others‚Äù like üòÉ,https://www.reddit.com/r/SuicideWatch/comments/uwvgam/i_just_opened_up_to_someone_about_me_having/,1269,
uu3ypc,1653069879.0,I can‚Äôt see a future for myself that doesn‚Äôt end in suicide,https://www.reddit.com/r/SuicideWatch/comments/uu3ypc/i_cant_see_a_future_for_myself_that_doesnt_end_in/,1076,
1j7e3vd,1741545027.0,Just attempted suicide but nobody knows,https://www.reddit.com/r/SuicideWatch/comments/1j7e3vd/just_attempted_suicide_but_nobody_knows/,271,came back hospital family heart attack saved think heart problems since young today morning ate chemicals took handful med heart started beating rapidly hands started shaking right go control body went hug mom one last time luck dad happened come early work saved since nobody knows anything going suicide even list suspect sure feeling would rate experience solid 4 10 recommend writing thriving attention way coping
oozch6,1626902472.0,What's the point of calling the suicide hotline if they send the cops to your place and get you arrested?,https://www.reddit.com/r/SuicideWatch/comments/oozch6/whats_the_point_of_calling_the_suicide_hotline_if/,1287,stuck psych ward couple weeks losing job apartment would make even worse person trying get help get even talk freely way feel anyone online offline terrified getting arrested
1awtzro,1708566000.0,"Anything goes wrong, I immediately think of suicide",https://www.reddit.com/r/SuicideWatch/comments/1awtzro/anything_goes_wrong_i_immediately_think_of_suicide/,724,default solution problem arises rather die deal negative shit handle stress handle alone handle around people handle work handle laying bed day want want live think finishing want family friends say ok go sad fortunate people love care tired live think blowing brains idea relief get gun even think scared violence wonder means actually wan na die probably resort swallowing 6 months worth antidepressants xanax would job also wan na get sick live life worse state
1hxuxij,1736478542.0,Contemplating suicide as therapy,https://www.reddit.com/r/SuicideWatch/comments/1hxuxij/contemplating_suicide_as_therapy/,341,anyone else find therapeutic comforting thinking suicide thinking fact end finally peace brings peace mind life people gets harder get older nice death look forward
10ez0t8,1674019310.0,"they say suicide is a permanent solution to a temporary problem. but my problem isn't temporary, it's lasted my entire life.",https://www.reddit.com/r/SuicideWatch/comments/10ez0t8/they_say_suicide_is_a_permanent_solution_to_a/,903,never gets better waiting decade things become significantly worse sadness last forever
1i6w7d4,1737500835.0,how do people not feel suicidal right now,https://www.reddit.com/r/SuicideWatch/comments/1i6w7d4/how_do_people_not_feel_suicidal_right_now/,359,could go tell anyone would want die high chance would act like normal need get help etc etc normal feel way whole world turning shit right state world making feel anxious feel unwelcome accepted people country even though lived whole life feel home hurts feelings want feel safe wanted somewhere place like
jf6oe4,1603256869.0,Today I realized that I'm probably going to actually commit suicide sometime in my life.,https://www.reddit.com/r/SuicideWatch/comments/jf6oe4/today_i_realized_that_im_probably_going_to/,1739,may today tomorrow even 10 years honestly think 90 chance way end dying killing struggled depression since 14 making significant progress therapy happiest ever somehow keep ensing depressed coming back thoughts fear elderly alone divorced kids many friends afraid living old folks home forgotten today realized pretty much already forgotten moved across country couple years ago none family friends ever call mom never calls sister call time best friwnd messages complain life never asks going always one calling simply talk like fear alone come true difference younger able take care still amazing boyfriend lately keep screwing shit doubt left soon ya may today tomorrow might even 10 20 years unless accident sort probably die edit wow believe many people thoughts feel way try reply comforting know together thanks encouragement everyone actually brightened day little please please hurt urselves one thing made huge difference far emdr therapy tried kinds one helped still suicidal thoughts often used good guess consider looking
18l9pb8,1702908921.0,Being suicidal but knowing you dont have the guts to do it is the worst feeling,https://www.reddit.com/r/SuicideWatch/comments/18l9pb8/being_suicidal_but_knowing_you_dont_have_the_guts/,724,trapped know theres way fix cant say fuck
1iyxwok,1740603035.0,I hate how people don't understand suicide,https://www.reddit.com/r/SuicideWatch/comments/1iyxwok/i_hate_how_people_dont_understand_suicide/,311,people get really act like drawing coloring helps understand like wan na die ive wanted die ive tried 3 times never works people get always insist life gets better alot times everyone wants miserable every day fine okay everyone likes misery life waking going school graduating getting job working die people want completely fine life sucks people tell accept accept try end thats bad get never try talk never anything help hate hate people understand every day could torture could abused go trauma awful people wan na deny death anyone survive labeled ill put hospital medicated till think fair hate stay alive world sucks people happened want
1iig9dq,1738778401.0,Looking for a job while being suicidal is insane,https://www.reddit.com/r/SuicideWatch/comments/1iig9dq/looking_for_a_job_while_being_suicidal_is_insane/,366,sayin
qf2f1j,1635113234.0,the suicide hotline is a joke,https://www.reddit.com/r/SuicideWatch/comments/qf2f1j/the_suicide_hotline_is_a_joke/,957,care less live die job make feel stupid regretful sharing experience one said go like okay get matter make anymore clear edit wow believe many people feel way idea love
dscslu,1573024299.0,Just called the suicide hotline,https://www.reddit.com/r/SuicideWatch/comments/dscslu/just_called_the_suicide_hotline/,2282,asked please watch language actual fuck yea mouth yea attitude problem fuck going work suicide hotline even fucking graveyard shift heh suicide hotline graveyard shift heh tell callers language bothers gon na let language bother words fucking twat nozzle hurting human expressing jesus fuck
1goy5w1,1731347108.0,Why even bother when suicide is an option,https://www.reddit.com/r/SuicideWatch/comments/1goy5w1/why_even_bother_when_suicide_is_an_option/,229,literally title go like ignoring every problem sentence chase possible happiness get guaranteed peace death die lives memories achievements gone brain dies feel anything anymore tell anyone else stay alive die gone staying alive hurts
128e4xh,1680332379.0,Fluctuating between suicidal and overly optimistic,https://www.reddit.com/r/SuicideWatch/comments/128e4xh/fluctuating_between_suicidal_and_overly_optimistic/,868,anyone else go back forth feeling hopeless wanting end feeling really hopeful optimistic sudden going like 4 5 cycles per day last week honestly hell med changes might idk gotten point actually planning might kill wish could make decision either way fully committed living end already instead live limbo switching really wanting stay alive wanting die committing either
nywtcr,1623592407.0,Being called childish while suicidal is simply heartbreaking,https://www.reddit.com/r/SuicideWatch/comments/nywtcr/being_called_childish_while_suicidal_is_simply/,1380,therapist told childish 3 days ago wanted hug wanted hug called childish still get mind simply hurts
gzuqi3,1591732647.0,It‚Äôs extremely messed up that you can‚Äôt even go to a psych hospital for help with suicidal thoughts without getting a multi-thousand dollar hospital bill.,https://www.reddit.com/r/SuicideWatch/comments/gzuqi3/its_extremely_messed_up_that_you_cant_even_go_to/,1853,psych ward 17 struggle suicidal ideation daily would totally go back get treatment hospital horrible treatment patients bill would come along bill psych hospital 20 000 wanted jump bridge tell anyone suicidal without throwing mental hospital go mental hospital without owing thousands dollars treated like prisoner making problems even worse good solution want right die least get free help suicidal hotline shit want real help thrown hospital system horrible victims time mental health industry overhaul
1illt5u,1739126689.0,started writing a suicide note. realised i had nobody to write to.,https://www.reddit.com/r/SuicideWatch/comments/1illt5u/started_writing_a_suicide_note_realised_i_had/,345,feel pathetic wish someone cared existed
1gqqdjx,1731539248.0,"I finally tell my dad I‚Äôm suicidal, the next morning my uncle kills himself ",https://www.reddit.com/r/SuicideWatch/comments/1gqqdjx/i_finally_tell_my_dad_im_suicidal_the_next/,658,literally compared uncle steve found dead next morning dad brother killed son wants kill self fucking hate joke call living needed tell someone
1dlvmew,1719062692.0,I understand why people commit suicide,https://www.reddit.com/r/SuicideWatch/comments/1dlvmew/i_understand_why_people_commit_suicide/,518,hear understand people commit suicide think selfish loved ones commit call selfish leaving person suffering severe mental health conditions cause suicidal work get better go therapy take medication go gym eat healthy work save money social see friends family every day study degree really want feelings depression loneliness isolation emptiness come back easy forget good things life e loving family good job good gym routine whatever expect loved one committed suicide continue living vicious cycle well unwell whether trauma diagnosed disorder chemical imbalance etc selfish unless also suffer mental health issues cause suicidal thoughts ideation never understand severity condition never understand want die despite good things life someone successful suicide attempt totally understand even someone work get better e therapy meds straight rawdogging still understand want die commit suicide committed suicide saying go committing suicide think everyone life important meaningful despite mental health issues however feel way try end killing would never call selfish understand would
hhpzqn,1593391223.0,‚ÄúSuicide is a permanent solution to a temporary problem‚Äù I hate sayings like this with all my heart.,https://www.reddit.com/r/SuicideWatch/comments/hhpzqn/suicide_is_a_permanent_solution_to_a_temporary/,1476,people say sort phrases fucking idea like severe pain clue whatsoever either educated cases people severe pain respond treatment believe believe life bad suicide option basing views experience feelings thoughts people contemplating suicide people say bullshit phrases could take step back think things logically example person posts going kill suffered pain years damaged tried countless treatments response every day filled pain without fortune shoes understand suicide viable option even feel pain surely facts speak fucking idiot read case like say suicide permanent solution temporary problem play cards dealt really think suicidal person years pain going think quote changed perspective entirely think going live whether person intends sayings like patronising people spent months years weighing options saying let die posted something like patronising bullshit quotes relate makes pissed although hard person wants post let pain without receiving responses make feel patronised stupid general hate sayings quotes applied common thing applies everyone every case right way respond someone suicidal saying quotes way best way think saying need anything want talk big believer free one confined life pain
1h7pwtv,1733449207.0,Why doesnt Suicide teach people a lesson? ,https://www.reddit.com/r/SuicideWatch/comments/1h7pwtv/why_doesnt_suicide_teach_people_a_lesson/,250,families still mistreat children bosses still mistreat employees teachers still mistreat students general public still mistreats people anyone change behavior people feel loved less likely end lives
191d1ok,1704689971.0,Just attempted suicide again. Anyone up for a chat in what may be my final minutes?,https://www.reddit.com/r/SuicideWatch/comments/191d1ok/just_attempted_suicide_again_anyone_up_for_a_chat/,317,months anorexia dozen beers 4 9 375ml valium clonidine lungs heart nd body cant hsndletjis even bigotte reside could feel overdosing gutntooo passing bus half mtili get bud already struggling breathe happy tell girlfriend may dead bus stop may survive fine incase peace even death nobody real life talk miserable reddit place vent hope die reahh chu stop ready
1hluon9,1735105166.0,I just wrote my suicide note. Why can‚Äôt I stop crying?,https://www.reddit.com/r/SuicideWatch/comments/1hluon9/i_just_wrote_my_suicide_note_why_cant_i_stop/,164,wrote detailed last wishes best friend older brother stop crying cried like life sad anything want continue living anymore years normal suddenly cry
1jc4649,1742069988.0,Deep cleaned my room after like a 4 month depressive episode!!!,https://i.redd.it/kc1g3y5hwwoe1.jpeg,1484,wish gotten picture okay im super proud smells nice actually see floors lol
1d46gyj,1717082195.0,What's the most useless advice you've heard about mental health?,https://www.reddit.com/r/mentalhealth/comments/1d46gyj/whats_the_most_useless_advice_youve_heard_about/,693,advice seek support family friends ironically people causing mental health issues often ones told turn help unhelpful advice received regarding mental health
1ir8t1q,1739757407.0,Is my husband mentally abusing my daughter?,https://www.reddit.com/r/mentalhealth/comments/1ir8t1q/is_my_husband_mentally_abusing_my_daughter/,243,need advice asap showing answers husband husband constantly bickers child says hates constant lot angry valid handles poorly example asks daughter 8 years old put barbie playroom ignores yells says lazy grabs throws room yells throwing yells try interviene tell listen ask stop yelling tells undermining leave room continue yell usually says something horrible like today said worst child come back later apologize ask thing ignores might say ignoring tell either accept give another minute tell needs pause saying works 100 time works much better tonight asked could go outside shovel turned huge argument two intervened asked wanted shovel told never asks explain say start yelling heard went outside watched shovel treatment daughter fallen love hope get back started therapy seems say worse things lately things said worst child lazy never help never listen worst daughter terrible child list goes always apologizes within minutes explains got angry words harming child really think understanding harmful showing remember like 0 self control thoughts say worst daughter till around 6 months ago got huge argument made leave house calm front daughter made promise never say something like said around 4 6 times months ago heard talking baby cousin said never heard sound like talking sweetly also daughter well behaved imagine would behave badly behaved kid also worships gets excited comes home disappointed days great dad outbursts give much anxiety please help
1iji06o,1738887832.0,What massively improved your mental health?,https://www.reddit.com/r/mentalhealth/comments/1iji06o/what_massively_improved_your_mental_health/,171,
1bbljf4,1710105842.0,What are the symptoms of depression nobody tells about?,https://www.reddit.com/r/mentalhealth/comments/1bbljf4/what_are_the_symptoms_of_depression_nobody_tells/,472,interested depression symptoms commonly mention talking
1dkfanw,1718899430.0,What‚Äôs your depression whispering in your ear?,https://www.reddit.com/r/mentalhealth/comments/1dkfanw/whats_your_depression_whispering_in_your_ear/,304,curious know little voice head telling depressed state mine recently telling disappointment know rather sleeping cozy bed friends
1j8co9q,1741648976.0,Why is mental health such a big issue in young people today ?,https://www.reddit.com/r/mentalhealth/comments/1j8co9q/why_is_mental_health_such_a_big_issue_in_young/,141,mean know one obvious causes social media pressure puts youth today really much affect find kind absurd seeing last 10 years really noticed rise never really mentioned
1gorg6i,1731329470.0,What‚Äôs the most unhelpful mental health advice you‚Äôve received?,https://www.reddit.com/r/mentalhealth/comments/1gorg6i/whats_the_most_unhelpful_mental_health_advice/,167,try let go everything get better others worse exercise feel happy think positive advice made feel misunderstood frustrated
1d1izdc,1716782633.0,What would you say is your major cause of depression?,https://www.reddit.com/r/mentalhealth/comments/1d1izdc/what_would_you_say_is_your_major_cause_of/,290,mine mom god selfish narcissistic ignorant want get house every time im starting get better comes fucks everything life lost
1j2b1sl,1740978010.0,How long have you guys had depression and anxiety,https://www.reddit.com/r/mentalhealth/comments/1j2b1sl/how_long_have_you_guys_had_depression_and_anxiety/,73,well 7 years well worst part 16
1gry7it,1731682744.0,What TV show or movie comforted you during the worst of your depression?,https://www.reddit.com/r/mentalhealth/comments/1gry7it/what_tv_show_or_movie_comforted_you_during_the/,115,decade ago living across country family friends baby postpartum depression baby would sleep arms due severe reflux decided put headphones watch random show heard friend mention show doctor 2005 doctor became companion day one lonely periods life safely side depression doctor still brings much comfort show movie depression
1ba156j,1709936472.0,What are y‚Äôall‚Äôs telltale signs that you‚Äôre in a depressive episode?,https://www.reddit.com/r/mentalhealth/comments/1ba156j/what_are_yalls_telltale_signs_that_youre_in_a/,341,sometimes signs subtle feel like lot people one big thing clues fact definitely depressive episode think probably caring enough even 2 full meals day keeping light almost entire day without opening blinds feel like sharing also help depressed people maybe realize signs help deal best recognize signs edit wow probably popular post glad people felt comfortable enough share experiences
1gje0zm,1730726369.0,What Improved your mental health the quickest?,https://www.reddit.com/r/mentalhealth/comments/1gje0zm/what_improved_your_mental_health_the_quickest/,125,tips advices improve mental health feel bad rut since 2 months
1inyj6x,1739386444.0,Hi All ‚ù§Ô∏è what is a physical product that supports your mental health?,https://www.reddit.com/r/mentalhealth/comments/1inyj6x/hi_all_what_is_a_physical_product_that_supports/,89,hi everybody wondering recommendations physical products supports mental wellbeing anything really affirmations deck cards weighted blankets anything recommend
1h7kzcj,1733435639.0,"What are 3 random things you think will help your mental health, even just a little.",https://www.reddit.com/r/mentalhealth/comments/1h7kzcj/what_are_3_random_things_you_think_will_help_your/,118,three random things norm would help specific would legal weed 4 day work week house cleaner
1escpln,1723669478.0,What is the true cause of depression? ,https://www.reddit.com/r/mentalhealth/comments/1escpln/what_is_the_true_cause_of_depression/,161,true cause depression
175bv92,1697024093.0,Do people without any mental health issues actually exist?,https://www.reddit.com/r/mentalhealth/comments/175bv92/do_people_without_any_mental_health_issues/,561,deal anything really someone world could call 100 mentally healthy individual would define
1ep01gh,1723314870.0,I'm sick of being told to try therapy,https://www.reddit.com/r/mentalhealth/comments/1ep01gh/im_sick_of_being_told_to_try_therapy/,213,understand people say mean well trying help oh god really think never crossed mind option really think never tried seek help 32 years old first time spoke mental health professional four four years old tally amount time spent therapy would probably amount least eight years total never gotten kind benefit learned therapists care less clients case number paycheck say done years therapy never got kind benefit response always well actually try therapy work means putting enough effort excuse dare make assumptions like office idea hard worked hard tried entire life better hard people accept therapy work everyone wish helped want badly want like people beyond help longer exist certain one people
1i0d0ma,1736771924.0,What are the most hurtful misunderstandings about mental health?,https://www.reddit.com/r/mentalhealth/comments/1i0d0ma/what_are_the_most_hurtful_misunderstandings_about/,90,mental health struggles often misunderstood frustrating people say things like 1 think positive simple 2 able control mental health always control 3 look fine must fine pain always visible 4 want attention asking help sign strength 5 overreacting emotions vary valid misconceptions make harder open misunderstandings faced
blxcj7,1557268826.0,I made a suicide scale. Hoping it could help others.,https://www.reddit.com/r/mentalhealth/comments/blxcj7/i_made_a_suicide_scale_hoping_it_could_help_others/,1958,suicide scale https emmengard com 2019 05 07 suicide scale edit turned notifications post longer replying reading comments post post replies become persistent painful reminder interfering ability grieve move furthermore equipped suicide counselors want continue talking sharing struggles fine participating conversation reading responding mental health well suicidal please reach someone help people reach friend family member call hotline link suicide hotlines country https en wikipedia org wiki list_of_suicide_crisis_lines please take care stay safe ariadne emmengard
1f1le0h,1724670091.0,What is something you started to do which helped your mental health?,https://www.reddit.com/r/mentalhealth/comments/1f1le0h/what_is_something_you_started_to_do_which_helped/,110,habits adapted necessarily dealing mental health gradually helped
149ah8y,1686755705.0,I did it. I graduated. I didn‚Äôt let depression win.,https://www.reddit.com/r/mentalhealth/comments/149ah8y/i_did_it_i_graduated_i_didnt_let_depression_win/,818,depression took
dkgcw0,1571555562.0,It‚Äôs been 2 months to the day since I last self harmed. I just want someone to be proud of me.,https://www.reddit.com/r/mentalhealth/comments/dkgcw0/its_been_2_months_to_the_day_since_i_last_self/,2023,
17kckvj,1698725249.0,What makes people depressed when there's no reason to be sad?,https://www.reddit.com/r/mentalhealth/comments/17kckvj/what_makes_people_depressed_when_theres_no_reason/,362,life good young know happy happy grateful everything want live diagnosed depression reason depressed
1j4vacl,1741267246.0,My wife cheated now I'm depressed and she just yells,https://www.reddit.com/r/mentalhealth/comments/1j4vacl/my_wife_cheated_now_im_depressed_and_she_just/,132,33f 7 miscarriages one wife 31f screamed cheat since give kid would scream fault corner cried never hugged never comforted begged break trying get back us refused lead tubes rupturing try stopped talking almost died cared getting kid tried carry worked first round started getting super anxious every person get neighbors wanted dead everything world would pull knives threaten would try kill neighbors knife would wrestle believes think supportive 16 yr old smoking pot apartment harm everything asked knocked every door ask ppl refrain legally allowed pregnant good enough bought installed blockers doors windows block smell may get whiff good enough disabled took physical chores got bitched paid passing got painful would ask okay nap rough day would say yes freak asleep physically pull bed dislocated leg hip threw back yanking hard cheats says support miserable maybe never even tried ever support given everything support accepts blind obedience begged time reconnect found several others reconnect used fix mental issues work slave depressed still trying force happy try one
1f0mr6w,1724555005.0,Can 10 year Olds have depression? ,https://www.reddit.com/r/mentalhealth/comments/1f0mr6w/can_10_year_olds_have_depression/,194,watch little girl going lot experienced trauma mom trying best give lot details situation gets angry sad anything everyone saying spoiled idk opened today told fault broke hurting nobody listening trying get open mom mom frustrated
1da1urp,1717733501.0,Which social media platform declines your mental health?,https://www.reddit.com/r/mentalhealth/comments/1da1urp/which_social_media_platform_declines_your_mental/,160,active social media platforms except linkedin reddit reddit helpful one scrolling linkedin gives mental health huge hit anxiety feelings low self esteem reach time high see people achieving much life achieved anything looking posts makes achievements feel small compared others know mind trying create huge web insecurities help sometimes social media platforms make feel worse deal edit really expect see many people suffering due social media wish best hope everyone heals whatever misery social media causing
1djsx50,1718828286.0,"If you could have 5 little ""Mental Health"" reminders in your pocket all the time, what would they say?",https://www.reddit.com/r/mentalhealth/comments/1djsx50/if_you_could_have_5_little_mental_health/,271,5 little pieces paper pocket times reminder related mental health goals written would say
1iuzi0x,1740166431.0,"How am I supposed to, really, have good mental health in America right now.",https://www.reddit.com/r/mentalhealth/comments/1iuzi0x/how_am_i_supposed_to_really_have_good_mental/,167,issues medicated lot better even got adhd medication taken away near future biggest issue speaks something bigger mean nothing government even true therapist friends family partner tell delete social media bit stop reading articles literally could believe anyone says everything fine would want know going
1egb2l4,1722390166.0,"Why do men refuse to go to therapy, yet use women as therapists?",https://www.reddit.com/r/mentalhealth/comments/1egb2l4/why_do_men_refuse_to_go_to_therapy_yet_use_women/,211,raise hand ever guy vents girlfriend female friends refuses go therapy first admit common thing fear appearing weak vulnerable idea therapy crazy people maybe comfortable unloading someone close even puts unfair burden genuinely curious guys think
1cvagi0,1716075352.0,What is your depression snack?,https://www.reddit.com/r/mentalhealth/comments/1cvagi0/what_is_your_depression_snack/,149,depression snack mean something stomach depressive episode bring eat much anything usually stomach green apple banana piece butter toast asking weeks appetite getting better tired 3 snacks bring much
1d9n3w8,1717693146.0,Are men allowed to be depressed or sad,https://www.reddit.com/r/mentalhealth/comments/1d9n3w8/are_men_allowed_to_be_depressed_or_sad/,154,confusing sometimes even feel hopeless sad ppl think men depressed sign weakness seems cringe people say oh im u always always listen u shit man sad sometimes long seems weak bro deep like im supposed cold showing emotions like shd jst say f ck problems show emotions carry life actually
ytd6lx,1668273840.0,"unpopular opinion - mental health should be talked about, not normalized.",https://www.reddit.com/r/mentalhealth/comments/ytd6lx/unpopular_opinion_mental_health_should_be_talked/,804,someone diagnosed anxiety told every five seconds everyone bit anxiety thanks karen wouldnt diagnostic little bit anxiety
1bcekxm,1710191655.0,What is a piece of advice that improved your mental health?,https://www.reddit.com/r/mentalhealth/comments/1bcekxm/what_is_a_piece_of_advice_that_improved_your/,244,let us hear something made life better comes mental health go first yes good run away fears good face sometimes facing fears worth example aways suffered social anxiety felt terrible aways trying face fears talk socialize collegues college altough like one bit one point realized hey need turns need socialize people worth facing fears good time
1hgwh8r,1734506813.0,Has anyone‚Äôs mental health improved after stop watching news?,https://www.reddit.com/r/mentalhealth/comments/1hgwh8r/has_anyones_mental_health_improved_after_stop/,161,really follow leave background noise
1ikbt6x,1738978893.0,Seriously need help with my life,https://www.reddit.com/r/mentalhealth/comments/1ikbt6x/seriously_need_help_with_my_life/,3,need helpful advice please know completely lost feel like take responsibility life mental health know life im 28 female nothing show im suffering bed watching comfort shows movies safety net im 247 quite literally like stuck freeze response one ever heard chain smoking drinking pepsi addictive thing come harsh reality get one life feel like im totally wasting away hand feel like point get get showered blah blah still feel afterwards make bed get yano feeling suffer really bad anxiety mum died years ago family connections exist want know friends really anymore hobbies like gaming ect best days feel like child sometimes adult stuck know believe want achieve something make work devote 100 job friends life devoted life relationship anxiety feel happy sage secure close addicted smell needy need lot reassurance love feel sick scared insecure get seriously know see love romantically deeply others take lot things heart also going potential breakup causing problems really struggling im suffering many different issues know address first told focus one time waiting lists endless therapy 1 hour per week 8 weeks enough felt like rush get much support nhs course afford private want job know commit low energy feel end quitting sounds like excuses trying honest possible im suffering potential adhd waiting list diagnosis therapist told likely relationship attachment style co dependent ocd anxiety disorder medication called escitalopram begin
10126hf,1672630526.0,"This sub is depressing as fuck. I get it's a mental health sub but every post that pops up in my feed is ""I'm going to kill mysef""",https://www.reddit.com/r/mentalhealth/comments/10126hf/this_sub_is_depressing_as_fuck_i_get_its_a_mental/,521,sub people post going kill last place go crazy amount posts see like get world dark time right god damn thought place variety
1i9okxm,1737816815.0,What‚Äôs your go-to trick for instantly boosting your mental health when you‚Äôre feeling down?,https://www.reddit.com/r/mentalhealth/comments/1i9okxm/whats_your_goto_trick_for_instantly_boosting_your/,79,bsns
1iysfs3,1740589580.0,"People who overcame depression, what worked?",https://www.reddit.com/r/mentalhealth/comments/1iysfs3/people_who_overcame_depression_what_worked/,99,tried meds numb make harder enjoy life mention shitty side effects marijuana thing effective cure tolerance always need enjoy life stuck rut feel like im running options dr help brush psychiatrists either accept patient unreachable really need hope please edit wan na say thank replies support really encouraging taken lot advice motivation responses encouraged start healthier diet incorporate exercise life also began microdosing psilocybin past week wowza noticed changes hope
1fgrrzl,1726336095.0,What has helped with your mental health the most? (Don't say therapy/meds... what else?),https://www.reddit.com/r/mentalhealth/comments/1fgrrzl/what_has_helped_with_your_mental_health_the_most/,52,therapy expensive finding good therapist hard seeing psychiatrist expensive diagnosis might inaccurate finding right medication usually requires time consuming titration one might experience possible side effects basically working mental health professional costly takes lot patience least personal experience 9 years seen 6 therapists 2 psychiatrists received 3 different diagnosis regularly meds seem help however 2 recent depressive episodes noticed regular exercise regime helped mood significantly hiit classes 3 4x week weekly hike getting daily sunlight blue light also helped change meds read various supplements magnesium fish oil vit bs diets mediterranean keto types exercise weightlifting help tbh pretty overwhelming figure curious know besides therapy meds helped mental health recovery keep track notice difference made
jttphp,1605319718.0,"To anyone suicidal tonight, look up the Rappper NF. All he raps about is how to face mental health. He's saved my life many times.",https://www.reddit.com/r/mentalhealth/comments/jttphp/to_anyone_suicidal_tonight_look_up_the_rappper_nf/,1025,true life safe edit recommend starting mansion
1cf0zrz,1714290809.0,People who can't afford therapy but need it - what do you do?,https://www.reddit.com/r/mentalhealth/comments/1cf0zrz/people_who_cant_afford_therapy_but_need_it_what/,191,afford therapy options tried online therapy betterhelp even financial aid costing 1 3rd monthly income currently reading self help books trying work point need help used go therapy cost stop need go back options edit wow expect much support love thank much sorry respond one individually words advice mean much sometimes depressed person needs know cared responses made feel seen thank
174ubsa,1696967425.0,"It's World's Mental Health Day today. If you could make people without mental health issues understand one thing about your struggles, what would it be?",https://www.reddit.com/r/mentalhealth/comments/174ubsa/its_worlds_mental_health_day_today_if_you_could/,251,could make people without mental health issues understand one thing struggles would
1hj6w1b,1734775445.0,Can you be rich and successful while being VERY mentally ill?,https://www.reddit.com/r/mentalhealth/comments/1hj6w1b/can_you_be_rich_and_successful_while_being_very/,72,basically title bad ocd depression adhd possibly asd even possible live good successful life success different everyone attending top school making lot money even worth trying harder
1hronrz,1735803971.0,Wife‚Äôs deteriorating mental health due to child diagnosis,https://www.reddit.com/r/mentalhealth/comments/1hronrz/wifes_deteriorating_mental_health_due_to_child/,201,rough 3 years failed pregnancy attempts finally gave birth beautiful baby girl year excited mind staying nicu came early already received pre conception genetic testing doctor recommended get tested something thorough incidents nicu findings devastating tested positive rare condition risks low life expectancy moderate severe mental delay physical delays de novo mutation son something passed either us understandably shattered fast forward 6 months child pretty well considering diagnosis couple lifelong challenges evidence yet major impairments anything life threatening wife become progressively worse month seeing 2 therapists prescribed medication nothing presented progress fine supportive patiently waiting current therapy help work situation become severe longer see option saying following things quotes perspective two would better without love baby conditional normal baby think baby biggest mistake life lives much take think need leave give detail concerned referring self harm things accompanied excessive crying wailing called try get us couples grief counseling even offered take somewhere weekend intensive therapy know else try love wife worried situation obviously traumatic us child shown positive signs since diagnosis worry wife become completely blind progress grief
1hr7132,1735750944.0,How bad is your mental health?,https://www.reddit.com/r/mentalhealth/comments/1hr7132/how_bad_is_your_mental_health/,101,point throw constantly think feeling literally worst mental pain possible like healthy person could nt even comprehen like completely understand people sometimes question anymore
16kwyh0,1694945598.0,People with depression what does it feel like?,https://www.reddit.com/r/mentalhealth/comments/16kwyh0/people_with_depression_what_does_it_feel_like/,193,im curious like mean lot articles online met talked someone diagnosed depression
z90bxu,1669835823.0,people who survived a suicide attempt is your life better now?,https://www.reddit.com/r/mentalhealth/comments/z90bxu/people_who_survived_a_suicide_attempt_is_your/,269,
1i1rkgn,1736923025.0,What has helped your mental health?,https://www.reddit.com/r/mentalhealth/comments/1i1rkgn/what_has_helped_your_mental_health/,46,actually helped want live thanks
112w1l1,1676461110.0,"I hate that the ONLY advice anyone will ever give you is ""go to therapy""",https://www.reddit.com/r/mentalhealth/comments/112w1l1/i_hate_that_the_only_advice_anyone_will_ever_give/,286,yes understand therapy amazing thing people understand community absolute cure many problems helped work things get works good therapy everyone tired shamed judged wanting able get people get therapy matter bad want many insurance plans cover low percentage cost cover lots people community minors rely others transportation smaller towns options extremely limited people work go school kids etc simply time work people believe going therapy always going magical cure made many posts comments makes problems worse maybe want talk stranger feel comfortable maybe traditional methods used mental illness work maybe adding another thing schedule stress maybe simply click therapist well tired trying find perfect one many reasons might good certain people laws countries set therapy absolutely make problem 10x worse make mention suicidal struggling certain impulsive thoughts therapist might report get thrown mental hospital put meds personally trusts counselors therapists know ever honest way might actually able help always chance marked threat life made much worse even honest therapist point honestly worth risk also like help frustrates feel babied always like taken seriously every therapist seen feel like look way feels patronizing know intention obviously feel help work tired asking complex questions advice always getting generic response therapy bullied downvoted explain simply work sometimes need actual change life situation needs different therapist post supposed talk anyone saying suggested therapy someone bad person understand sometimes know suggest always comes good place trying help really tired community always jumping basically calling dumb therapy option going take anyone relate
1j8pxbx,1741697268.0,Advices for depression is fucking trash,https://www.reddit.com/r/depression/comments/1j8pxbx/advices_for_depression_is_fucking_trash/,780,little rant point depression advice doesnt anything feel like heard shit repeat find love hobbies gym bruh walk nature look trees sex therapy hobbies gets better family miss die anyways might well stick around focus positive bruh food hobbies jesus christ god allah kids talk others crisis hotline depression state mind get rich life blessing life make fun fucking hobbiesssssss even know try anymore suffering reward ratio life fucking horrible might go hedonic journey ending get know fuck going create meaning run else really
1iswzg5,1739939371.0,I forget depression isn‚Äôt common,https://www.reddit.com/r/depression/comments/1iswzg5/i_forget_depression_isnt_common/,1190,often forget clinical depression something everyone like truly people think killing every day take care like second nature people find existing easy idk crazy like wdym never think taking like good wish lol like bed rotting ideal life nothing depression heavily impacted energy energy nothing even talking difficult like easy talk get like pursue goals
1g48c9t,1729000669.0,I don't get how other people aren't suicidal,https://www.reddit.com/r/depression/comments/1g48c9t/i_dont_get_how_other_people_arent_suicidal/,937,therapy taking medications still think almost daily suicide nothing makes feel happy life feels meaningless made friends thought beign lonely made suicidal made plans future something look forward clean room go outside good nothing ever enough asked therapist wants alive nothing told seemed fulfilling makes sense keep going understand people want die life objectively sucks much
1hbhxzp,1733880208.0,Everybody gangsta about mental health til you're outwardly depressed ,https://www.reddit.com/r/depression/comments/1hbhxzp/everybody_gangsta_about_mental_health_til_youre/,887,light depression light anxiety ok clinical depression vocal honest even frustrated confronting mention obviously goes bipolar etc people previously think understanding empathetic bc battles stay silent get awkward species doomed comes catching emotional intelligence technological evolution many seem able tolerate someone feeling low might longer crippled cause wants deal finally feeling ok hate everyone
16r2cfq,1695573844.0,Depression makes people actively avoid you.,https://www.reddit.com/r/depression/comments/16r2cfq/depression_makes_people_actively_avoid_you/,1535,normal folks like around mentally ill people know deal hate anything people told serious give bad energy blame anyone avoiding saying bad person crack code socializing
1jd1y5e,1742176948.0,My mom told me to commit suicide,https://www.reddit.com/r/depression/comments/1jd1y5e/my_mom_told_me_to_commit_suicide/,584,half asian household mothers chinese dads white like person sane family mom always like crashing towards family calling us failures always comparing others like student ranked nationally swimming crashes struggling learn chinese gives panick attacks suicidal thoughts told commit suicide would save money please help really starting cave put strong front school happy strong popular kid really starting fail wish wasnt joking feels like one school anti suicide fuctions
bhlyu2,1556283464.0,Had anyone noticed memory decline from depression?,https://www.reddit.com/r/depression/comments/bhlyu2/had_anyone_noticed_memory_decline_from_depression/,3770,curious anyone else affected problem also noticed quite big cognitive decline anyone noticed cognitive decline managed build back previous cognitive level
k47q9a,1606777586.0,Anhedonia is the worst part of depression,https://www.reddit.com/r/depression/comments/k47q9a/anhedonia_is_the_worst_part_of_depression/,3388,alive living feel like something anything nothing appealing everything feels like chore exhausting things enjoy work since everything feels like watching paint dry realising slowly beginning lose interest things enjoy realising nothing mentally torturing like trying catch smoke bare hands hopeless thing look forwards death
ghdi7l,1589158304.0,People that aren't depressed exist and it's fuckin insane to me.,https://www.reddit.com/r/depression/comments/ghdi7l/people_that_arent_depressed_exist_and_its_fuckin/,3612,like posted askreddit asking non depressed people felt shocked sure expected though exist hellhole like chill like happy people mindblowing like never known time experience severe recurring depression fuckin crazy people real one even said understand people depressed seemingly reason like wish much could say like logically knew must exist still unfathomable mind kinda makes sad understand much understand glad least someone happy life idk man
1iew0lj,1738376158.0,Im 13 and i just attempted suicide,https://www.reddit.com/r/depression/comments/1iew0lj/im_13_and_i_just_attempted_suicide/,366,came backfrom school bullied went room got 2 belts together hung cieling took chair hung around neck pushed chair ahead started loosing consciousness abt go black 1 belt broke leading break wish didnt break
m5zy12,1615865257.0,"Isn't it amazing that everyone who's never had depression, or lives an extremely happy and successful life tries to tell you how to cure depression :)",https://www.reddit.com/r/depression/comments/m5zy12/isnt_it_amazing_that_everyone_whos_never_had/,3438,always great 1 line think secret fixing everything love sure let go real quick much time things get better lot time things get worse disappointing family etc ah yes trapping hypothetical mental state permanently worrying others get live happy successful life thank really appreciate thank
1j9j2ky,1741783056.0,Not suicidal but I wouldn‚Äôt mind not waking up tomorrow,https://www.reddit.com/r/depression/comments/1j9j2ky/not_suicidal_but_i_wouldnt_mind_not_waking_up/,556,suicidal good life standards good life suppose good family good friends good country good future ahead makes feel worse feelings lately thinking death many many years might continue living growing planet good bad experience wonder actually worth look world becomes intensely insane draining mean anyway tried finding meaning various philosophical perspectives ultimately cant find acceptable solution maddening reality anyone best guess nights consider possibility might wake next morning strange feeling comfort comes think would welcome death way like finally free sweet oblivion let go suicidal want kill something beyond control came take think happy go
1fys8dy,1728364007.0,Healthy people don‚Äôt associate with depressed people,https://www.reddit.com/r/depression/comments/1fys8dy/healthy_people_dont_associate_with_depressed/,669,depression fundamentally hate world works identify depressed qualities ever know profundity character makes im attracted people mentally healthy caring people would dragged exhausted cut life due boundaries need suicidal lonely get closer truth reality becomes spirals downward negative things attract reaffirms helplessness support systems shut preserve health fuc place want nobody wants depressed people like life everyone mother figure stay thick snap fingers poof existence like thanos guess hellbound
n8oe2g,1620596642.0,Does anyone else start sobbing when they think of how much they missed out on because of their depression?,https://www.reddit.com/r/depression/comments/n8oe2g/does_anyone_else_start_sobbing_when_they_think_of/,2644,feel like depression took entire teen years spent free time high school crying self harming home everyone else friends hobbies went parties thing college even move parents house anxious stay dorm ex used tell much fun high school bunch clubs fun college staying dorms friends fun dumb stuff always destroys think missed something control 21 graduated college lost friends partner job family rough terms got diagnosed anorexia crushing idk anymore afraid tell anyone want sent back psych ward since money pay broken right anyone relate crippling regret missing supposed best years life
1j05na2,1740742477.0,Please help me understand why someone in a depressive episode often pulls away from everyone they love.,https://www.reddit.com/r/depression/comments/1j05na2/please_help_me_understand_why_someone_in_a/,264,edit thank much everyone read reading every single comment touched let world little bit shared experience like helped much understand depressed person isolates withdraws tell much appreciate one person said understanding necessary enough know depressed person pain presence make better agree extent understanding least little bit helps empathy makes easier bear small portion sorrow hopefully better support loved one know likely discussed million times struggle depression loved one help understand depressed person withdraws people care going loved one cancelled trip come see saying devastated deep depressive episode spoke phone last night said withdrawing everyone family friends able focus work broke heart think going know help said want alone right previously said want abandon asked patience said come visit sometime future know tried talk conversation really make sense much say moment trying understand
jikvg7,1603739180.0,"The worst part of the depression, is that feeling, deep deep down, that the reason you're depressed is because you want to be.",https://www.reddit.com/r/depression/comments/jikvg7/the_worst_part_of_the_depression_is_that_feeling/,3494,thought maybe know happy maybe stuff read online stuff family tells stuff hear therapist maybe goes somewhere head maybe seen enough happy normal functioning people idea maybe made mistakes enough times could point stop repeating idea know depressed still means must want way want way well must mean deserve guess probably true sometimes sometimes know
1h2p2et,1732896422.0,"Girlfriend screamed at me I just go to my therapist to suck his dick, after I told her I have suicidal thoughts again.",https://www.reddit.com/r/depression/comments/1h2p2et/girlfriend_screamed_at_me_i_just_go_to_my/,602,throwaway account want get chest gf history unable deal phases think sort autism comes various times day last argument told suicidal thoughts screamed saying failed therapy went suck therapists dick believe relationship dooming us
eczhm3,1576789860.0,"My friend attempted suicide a couple days ago. My family is saying I will ""ruin Christmas"" if I spend time with her in the hospital on Christmas Eve instead of visiting them. What can I do?",https://www.reddit.com/r/depression/comments/eczhm3/my_friend_attempted_suicide_a_couple_days_ago_my/,2385,good friend mine attending therapy bpd overdosed couple days ago survived transported unconscious hospital woke unsurprisingly devastated want support boyfriend family members care friends plans see family christmas happened left deeply depressed particularly another good friend mine committed suicide four years ago almost day elaborate like spending christmas family like christmas always chores preparations quiet peace thought would spend christmas visiting friend hospital want alone know situation would appreciate someone came visit proposed mother brother even possibility would spend afternoon go see dinner however comments left gasping air showed little empathy friend mother asked normal friends brother told ultimately choice would ruining christmas coming even coming dinner everyone would disappointed would create arguments implying would fault breakdown family risk ostracized weeks months go however felt like less less family felt like friends shown compassion empathy depression bpd family ever fact dismissed enough social activity enough called therapy waste time feel like visiting friend right thing know think whole time would family want ostrasized months think could handle mental condition thoughts welcome thank
yehutj,1666843024.0,sometimes i forget that most people aren‚Äôt depressed or suicidal,https://www.reddit.com/r/depression/comments/yehutj/sometimes_i_forget_that_most_people_arent/,1746,feel like shit something bad happens brain immediately goes man fuck die apparently normal response crazy shit
qk005u,1635718303.0,Father here. My son is about to turn 14 and was diagnosed with depression. I struggled with what to do/avoid. What would you have hoped your parents had done?,https://www.reddit.com/r/depression/comments/qk005u/father_here_my_son_is_about_to_turn_14_and_was/,1307,want see happy importantly want felt left alone easy one specific point video games thing craves wants hand falls deep hole every time needs stop playing update overwhelmed kind words meaningful advice personal stories sad special came help regardless left alone great summary answers diverse common theme son spend time take seriously video games conclude limits needed also worse escapes could use grateful help best support son unwanted guest one answer described depressions eloquently
i2h6dv,1596393600.0,"Life doesn't ""get better"" unless you take actions to MAKE it better. But depression itself can make it impossible to act",https://www.reddit.com/r/depression/comments/i2h6dv/life_doesnt_get_better_unless_you_take_actions_to/,3257,exercise physical activity eating healthy spending time nature finding hobby things supposed good mental health definition depression problem precisely inhibits inability function much less things good finding therapist trialling multiple therapists see one suits best even starting antidepressants check doctor psychiatrist every weeks change medications one might fuck head even even work takes much fucking effort bother went counsellor university earlier year suggested things like group therapy anxiety volunteering causes give people sense purpose day day life know tell exactly problem utterly sitting office right know anyone possibly way people depression able easily things help need classify illness disorder infuriating see even professional mental health advocacy organizations repeat hackneyed slogans understand even still mass circulation irrational frustrating physically able take ten steps house go goddamn walk absolutely mental anything lie bed listening music action done purely passively effort whatsoever get sad start spiralling guilt stop thinking irrational even though experienced many years constantly surprising incompetence ever expected anything different hopelessness feel confused supposed anything even anymore edit thank comments expect get response hard describe feel moved people reached small way short moment time
t9ydp9,1646796063.0,I hate how depression makes everything seem exhausting.,https://www.reddit.com/r/depression/comments/t9ydp9/i_hate_how_depression_makes_everything_seem/,1907,everything dishes showering anything requires effort bed feels tiring depression feel like filled cement like every limb heavy 100lb dumbbell feel weight universe holding know going post needed vent day work spent bed scrolling apps energy relaxing real waste day
1hpvna5,1735587973.0,I committed suicide and I am in hell...,https://www.reddit.com/r/depression/comments/1hpvna5/i_committed_suicide_and_i_am_in_hell/,425,several attempts back 2020 2021 thought survived apparently time encountered darker messed world time darker hell
ifxaf7,1598301447.0,Depression = Losing intelligence,https://www.reddit.com/r/depression/comments/ifxaf7/depression_losing_intelligence/,2991,worst part depression even worse suicidal thoughts constant pain huge toll mental faculties think slower need longer decision making understanding pretty basic things conversations plan anything much mental effort read sentence book register information supposed convey think deeply teenager able hold train thought look problem long time find intricate solution gone ability think deeper surface level lost improving programming skills even though professionally daily basis seem mental capacity improvement like years even worsening worried stay depression stupid forever also completely ruining future make sound decisions edit blew night thankful lively discussion comments thanks awards may find way get rid lots love
k3g4mz,1606680078.0,Not suicidal but just no desire to live each day,https://www.reddit.com/r/depression/comments/k3g4mz/not_suicidal_but_just_no_desire_to_live_each_day/,2451,wan na end tired living like day kind feels pointless feel exhausted thinking thing every day happy feel purpose like want next day next day comes wishing next know explain existing living going phase anyone else feel way helps
1jby2pp,1742053801.0,Can you be suicidal but be scared of dying?,https://www.reddit.com/r/depression/comments/1jby2pp/can_you_be_suicidal_but_be_scared_of_dying/,350,thinking suicide ten years sometimes ever sometimes less last six months thought every day think ok done things could got goals want finish stop everything puff like also done researches suicide methods every time read afraid afraid really dying failure method pain realization dying edit afraid afterdeath thing know anything better afraid act dying
1j5p1n8,1741357252.0,I tried commiting suicide.,https://www.reddit.com/r/depression/comments/1j5p1n8/i_tried_commiting_suicide/,320,last night wedding party tried 120 look best bought new clothes dressed went party went felt alone noone talk one family members wedding saw elder sister went talked went dinner sat table left sat table 2 blocks away friends sitting alone noone sat near dinner alone catched bus went home bus thinking even bother dressup much end alone ignored everyone woke 11 morning freshenup cofee went roof apartment went roof dark thoughts came mind jumping roof let sufferings end got guts even take life pathetic
1fxhocj,1728224786.0,How do some people with depression function so well?,https://www.reddit.com/r/depression/comments/1fxhocj/how_do_some_people_with_depression_function_so/,360,girl school committed suicide scoring perfect exams projects coming school everyday also known people say depression succeeded well life without gaps career noticeable absences even happen even get bed
clue8y,1564909818.0,Realizing that you will die because of suicide is really hard.,https://www.reddit.com/r/depression/comments/clue8y/realizing_that_you_will_die_because_of_suicide_is/,2229,sometimes really hits maybe today tomorrow eventually commit suicide realization really fucks wish case wish much could normal happy years begun really accept suicide inevitable hope proven wrong edit 160 days since posted although much changed mindset still come back often read new comments commented comment see wanted say thank alone although things suck suck bit less together
f1djgl,1581276196.0,I feel like I‚Äôm addicted to depression.,https://www.reddit.com/r/depression/comments/f1djgl/i_feel_like_im_addicted_to_depression/,2792,whenever feel sad try cheer try make sadder like feel addicted isolating others small part enjoys feeling depressed isolated depression feels strangely comforting times anyone else issue
hvgovi,1595368155.0,"Is it just me, or is it like you dont actually have a reason to be depressed but then just all of a sudden you are just overwhelmed in sadness?",https://www.reddit.com/r/depression/comments/hvgovi/is_it_just_me_or_is_it_like_you_dont_actually/,2282,dont reason depressed sometimes feel fine sudden dont want anything feel ache chest idk man guess might parents arent able bring money conscious pops evry faking depression let know im one feels like edit want say tried responding messages got overwhelmed got busy trying help dad work thank everyone gave words kf encouragement deeply sorry everyone feels way oh thank kind person first gold award edit 2 thank second gold award really appreciate alot people really dont spend money give virtual award thankful make kinda feel wanted thank 3
dx2la6,1573880920.0,An unexpected side effect of depression: the decline of cognitive capabilities,https://www.reddit.com/r/depression/comments/dx2la6/an_unexpected_side_effect_of_depression_the/,2680,really scaring lately since becoming depressed noticed inability maintain thoughtful conversations people severely reduced attention span short term memory loss severely reduced motivation think largely partaking escapism spend much time browsing reddit youtube getting high since actually try focus work usually end crying result seems feeling like living haze like never really fully aware going passively going motions life getting rut going much harder thought literally feel stupider depressed months barely even talk people classes seem competent top things embarrassment barely form coherent sentence
1axigru,1708637710.0,Suicide,https://www.reddit.com/r/depression/comments/1axigru/suicide/,542,26 years old lost 50k gambling got engaged november going tell today 5k left name going inform want kill tomorrow gym teacher school would take year get money back bad depression whole life today realized nothing left deleted gambling apps know else goes bad probably kill tomorrow morning tried stop gambling couple weeks since last bet think need earth update well never expected many people read talked fianc√© parents money also trust know lost lied past 6 months biggest thing eating supportive towards going get help really appreciate positive posts understand ugly posts well suicide selfish felt like better option telling everyone problems relieved got chest happy get life back right path
gt5txv,1590803309.0,Anyone keep switching from admitting to yourself that you have depression to invalidating yourself into thinking you were just playing victim?,https://www.reddit.com/r/depression/comments/gt5txv/anyone_keep_switching_from_admitting_to_yourself/,3515,know issues go manic mood swings depressive end feel like absolute shit phase feel somewhat normal tell greatly exaggerated effect mind help self loathing let admit depression keep thinking deserve depressed invalidate continue life next phase hits cycle continues
k016wa,1606206405.0,I feel like suicide is inevitable,https://www.reddit.com/r/depression/comments/k016wa/i_feel_like_suicide_is_inevitable/,2039,want kill right instant feels like late prevent something bad going happen later line end way around long die suddenly car crash something feel like one people never gets better edit post blow depressive vent post edit 2 given wholesome awards reddit baffles sometimes edit 3 feel like add context depression may differ experience depression mainly comes place self loathing inability accept people care care feel like depression manifested personality part feel suicide inevitable personally
btcc3j,1558900313.0,"After 1 suicide attempt, and one overdose, I GRADUATED!!!!",https://www.reddit.com/r/depression/comments/btcc3j/after_1_suicide_attempt_and_one_overdose_i/,3075,made fuck everyone put fuck bullies fuck cliques importantly thank everyone kept going brings tears thinking thankful today family friends wonderful people subreddit helped feel immensely proud happy right achievements people struggling high school college light end tunnel love edit wow thanks awards love support
kqdxq7,1609783158.0,"""Suicide isn't an answer"" Yes, but it seems like an option.",https://www.reddit.com/r/depression/comments/kqdxq7/suicide_isnt_an_answer_yes_but_it_seems_like_an/,2003,real option button ends eternal pain suffering fade away everywhere become nothingness sorrows misery agony gone blink eye know best part free need pay kill need pay live easy way beautiful way much die point hurt cut everything would lose consciousness live mental well people sad suffer yet take minute listen one millions thoughts ruining head ironic
1f51ghj,1725040099.0,I attempted suicide 15 minutes ago and ready to attempt again.,https://www.reddit.com/r/depression/comments/1f51ghj/i_attempted_suicide_15_minutes_ago_and_ready_to/,297,crypto crash finance fucked bankrupt lost savings earn 8k dollars hanged using belt hanged moment belt broke fell floor almost unconscious sure god gave second chance gon na attempt pay bills rent etc
1ee73jl,1722172263.0,I think depression has made me stupid,https://www.reddit.com/r/depression/comments/1ee73jl/i_think_depression_has_made_me_stupid/,544,barely understand things used really smart think exhausted brain comprehend things anymore know even shit like trying fill form make appointment difficult like eyes float words without taking anything read books anymore zone hardly write meant start university soon got idea going get workload want like used sick head full fog
ck913s,1564582344.0,"The reality of depression: Yesterday I was googling ""most effective suicide methods"". Today I feel fine.",https://www.reddit.com/r/depression/comments/ck913s/the_reality_of_depression_yesterday_i_was/,2462,probably happened hundreds times lifetime 50 obviously succumbed depression yet peaks valleys insane guess insane yesterday fully made sense immediate means end life could see taking action never gun live tall building far small voice says get better wait remained powerful larger louder voice says always alone always alone life worth pain reality voices brain feeling absolutely real
jxcbzs,1605823305.0,Does depression affect your memory?,https://www.reddit.com/r/depression/comments/jxcbzs/does_depression_affect_your_memory/,1696,yesterday family talking different vacations memorable moments almost remember single one things talking happened worst part depression birthdays christmases parties dates vacations entire school subjects remember depression main factor something like
cqqe91,1565878516.0,"2 years since I dropped out of college due to anxiety and depression, I finally signed back up for classes yesterday.",https://www.reddit.com/r/depression/comments/cqqe91/2_years_since_i_dropped_out_of_college_due_to/,3210,finally guys 2 years depressed 2 years ago started skipping classes failed every single class gpa dropped 1 7 lost financial aid go back next semester without spent last 2 years becoming depressed afford go back ruined life depression finally consistent encouragement boyfriend told hes going keep top ass allowed skip class still year half left associate much failed start edit cant believe many people replied thank much encouraging know 100 people comment tell proud makes even motivated well semester also people said post gave little kick ass go back going amazing
dkx9yc,1571645466.0,I (attempted) suicide by crashing my car into a highway median at 200 km/h and walked out with a minor concussion. I feel like it's a sign I need to step up my action against depression. What are some things I can do to alleviate my depression?,https://www.reddit.com/r/depression/comments/dkx9yc/i_attempted_suicide_by_crashing_my_car_into_a/,2058,title story may sound fake new account hopefully protect identity swear could real wanted share attention merely seek help questions asked end story title describes miracle occurred given severity intent crash paramedics police doctors nurses parents gave puzzled look lives asked fast going replied 200 km h depressed 4 years nothing working mental health declined terribly multiple medications tried behavioural therapy cognitive behaviour therapy cbt even went course electroconvulsive therapy ect first motivation anything went eat school work importantly socialize social circle grew smaller depression grew bigger 4 years suffering well health conditions horrible eyesight 10 00 eye astigmatism sleep apnea anxiety figured life going get better decided end life drove mountains decided would find large hill go full speed either turn median drive road ultimately killing 3 hours hometown found perfect hill road steep perfect gaining speed ensure fatal crash without thinking much would talk commit pulled u turn drove hill 5 minutes point say life flashes eyes mine played back 5 minutes important people influential moments life appeared eyes suddenly disappeared approached chosen hill foot automatically floored gas pedal placed left foot behind brake back raced hill gaining speed time reached bottom car speedometer 200 km h saw road start bend jerked wheel opposite direction turn slamming front end car median last thing remembered waking car tapping window bystanders could think moment wow much failure even kill bystander described paramedics police hit median 10 spins flips continued scrape median hill another 250m got glimpse car taken away ambulance completely destroyed arrived hospital placed trauma room however doctor incredibly surprised seeing sitting upright consciousness 200 km h car accident assessed ordered full body ct scan results came back clean bleeding broken bones importantly death admitted psychiatry ward get post nightmare everyone surprise barely injured walking away concussion memory loss phrase really stuck mind nearly every person talked far said miracle alive religious agree miracle alive going waste begging help know community loves help people reach really want try beat depression know tried cbt going back ect another round treatment increased medication seeing counsellors psychiatrists however thanks canadian healthcare 2020 one reasons decided end due lack resources anyone tips manage severe depression anxiety please let know still alive today despite severity crash believe sign need conquer depression something great life tired laying home energy motivation wasting away life every day depression personally say even suiciding want die merely want stop existing please help advice begging life change please trying best push past depression suicidal thinking give life another try list specific questions would benefit lot keep motivation despite energy time keep energy thinking going back school nursing current position lab tech feel fulfilling looking something nursing school good idea make life stressful habits could alleviate depression secret self help feel good tips make friends build better support network tell friends noticed disappeared days x200b thanks took time read post usually get little reads reddit thought share anyway since many people say survived 200 km h automobile suicide attempt walked minor injuries questions please feel free ask edit questions edit 2 thank everyone taking time write truly believe would reach many people try reply read everyones post still process seeing lot specialists truly grateful love support sent way thank make proud try best implement tips life
lmrsbh,1613668550.0,I think that the worst part of depression is that every day you just wait for the day to end cause that's all you have,https://www.reddit.com/r/depression/comments/lmrsbh/i_think_that_the_worst_part_of_depression_is_that/,3053,point realised think collapsed way live one day another maybe suicidal tendencies wanting stop cycle slowly rots mind feel like im pile dust edge table waiting someone clean table stop existance good idk makes sense anything life actually makes sense
rt23tn,1640981231.0,"Not suicidal, just don‚Äôt want to live",https://www.reddit.com/r/depression/comments/rt23tn/not_suicidal_just_dont_want_to_live/,1444,anyone else feel like want end life urge hate life wish wish exist strange thing numb
jdjfr2,1603039120.0,Does anyone else get morning depression?,https://www.reddit.com/r/depression/comments/jdjfr2/does_anyone_else_get_morning_depression/,2045,every day wake feel suuuuper depressed first hours rest day comes goes every morning without fail
whceoo,1659750455.0,"Turned my life around, depression didn't go away. What's the fucking point then?",https://www.reddit.com/r/depression/comments/whceoo/turned_my_life_around_depression_didnt_go_away/,1190,10 years feeling miserable struggling overcome move failure life eventually got point objectively speaking life good spot 29 finally graduated degree started 18 somehow got lucky enough land really good job started exercising going gym always struggled feelings extreme loneliness dating girl obviously loved throughout 20s thought pushed hard enough persevered could eventually happy good old still miserable success finally found make feel anything still feel like empty shell brain register positive emotions negative ones zero motivation live emotional reward good experiences broke girl dating even though cared level knew good someone life cared seemed unable experience feelings love eating inside knowing reciprocate love felt feel cheated spent much time trying turn life around made difference tired tired therapy trying get help tired push keep existing get return feeling sad lonely tired suddenly finding years older realising new happy memories waste time
jenqi9,1603193815.0,‚ÄúSuicide is a solution to a temporary problem‚Äù,https://www.reddit.com/r/depression/comments/jenqi9/suicide_is_a_solution_to_a_temporary_problem/,1683,hate phrase mark anyone uses fake actually give shit make feel better trying help someone depressed suicide option table yet comes thing gon na hear read someone says solution edit sorry phrase suicide permanent solution temporary problem change anything said though
ndq190,1621176887.0,I hate that depression can just ‚Äúsleep‚Äù for a while and then come back up full force.,https://www.reddit.com/r/depression/comments/ndq190/i_hate_that_depression_can_just_sleep_for_a_while/,2426,well last week started sleeping 12 hours eating eating feeling exhausted idea shower crying irritable textbook signals depression pushing partner away isolating suddenly reminded depression never goes away lays dormant decides come back least case get hopes figured brutally reminded never tired sad sorry complaining edit wow expect many people resonate strongly thank contributed discussion
m4yndv,1615740286.0,Nostalgia Is Not As Pleasant When You're Depressed,https://www.reddit.com/r/depression/comments/m4yndv/nostalgia_is_not_as_pleasant_when_youre_depressed/,2775,people nostalgia generally accepted nice feeling pleasant memory reminds innocent happier time child thought future good cared playing friends climbing trees things changed edit genuinely expect many kind comments even sub like feel better thank
